"","uni_names","uni_table.School"
"1","Abil Christian","Abilene Christian University"
"2","Air Force","Air Force !United States Air Force Academy (Air Force)"
"3","Akron","Akron !University of Akron"
"4","Alabama","Alabama !University of Alabama"
"5","Alabama A&M","Alabama Agricultural and Mechanical University"
"6","Alabama State","Alabama Birmingham !University of Alabama at Birmingham"
"7","Albany","Alabama State University"
"8","Alcorn State","Albany !University at Albany, SUNY"
"9","American U","Alcorn State University"
"10","Appalachian St","American University"
"11","AR-Little Rock","Appalachian State University"
"12","AR-Pine Bluff","Arizona !University of Arizona"
"13","Arizona","Arizona State University"
"14","Arizona State","Arkansas !University of Arkansas"
"15","Arkansas","Arkansas Little Rock !University of Arkansas at Little Rock[A 2]"
"16","Arkansas State","Arkansas Pine Bluff !University of Arkansas at Pine Bluff"
"17","Army","Arkansas State University"
"18","Auburn","Army !United States Military Academy (Army)[A 36]"
"19","Austin Peay","Auburn University"
"20","Ball State","Austin Peay State University"
"21","Baylor","Ball State University"
"22","Belmont","Baylor University"
"23","Bethune-Cookman","Belmont University"
"24","Binghamton","Bethune-Cookman University"
"25","Boise State","Binghamton University"
"26","Boston College","Boise State University"
"27","Boston U","Boston College"
"28","Bowling Green","Boston University"
"29","Bradley","Bowling Green State University"
"30","Brown","Bradley University"
"31","Bryant","Brigham Young University"
"32","Bucknell","Brown University"
"33","Buffalo","Bryant University"
"34","Butler","Bucknell University"
"35","BYU","Buffalo !University at Buffalo"
"36","Cal","Butler University"
"37","Cal Poly","California Berkeley !University of California, Berkeley"
"38","Campbell","California Davis !University of California, Davis"
"39","Canisius","California Irvine !University of California, Irvine"
"40","Cent Arkansas","California Los Angeles !University of California, Los Angeles"
"41","Cent Conn St","California Polytechnic State University"
"42","Cent Michigan","California Riverside !University of California, Riverside"
"43","Charleston","California Santa Barbara !University of California, Santa Barbara"
"44","Charleston So","California State University, Bakersfield"
"45","Charlotte","California State University, Fresno"
"46","Chattanooga","California State University, Fullerton"
"47","Chicago State","California State University, Long Beach"
"48","Cincinnati","California State University, Northridge"
"49","Clemson","California State University, Sacramento"
"50","Cleveland State","Campbell University"
"51","Coast Carolina","Canisius College"
"52","Colgate","Central Arkansas !University of Central Arkansas"
"53","Colorado","Central Connecticut State University"
"54","Colorado State","Central Florida !University of Central Florida"
"55","Columbia","Central Michigan University"
"56","Coppin State","Charleston !College of Charleston[A 4]"
"57","Cornell","Charleston Southern University"
"58","Creighton","Chicago State University[A 6]"
"59","CS Fullerton","Cincinnati !University of Cincinnati"
"60","CS Northridge","Citadel !The Citadel"
"61","CSU Bakersfield","Clemson University"
"62","Dartmouth","Cleveland State University"
"63","Davidson","Coastal Carolina University"
"64","Dayton","Colgate University"
"65","Delaware","Colorado Boulder !University of Colorado Boulder"
"66","Delaware State","Colorado State University"
"67","Denver","Columbia University"
"68","DePaul","Connecticut !University of Connecticut"
"69","Detroit","Coppin State University"
"70","Drake","Cornell University"
"71","Drexel","Creighton University"
"72","Duke","Dartmouth College"
"73","Duquesne","Davidson College"
"74","E Illinois","Dayton !University of Dayton"
"75","E Kentucky","Delaware !University of Delaware"
"76","E Michigan","Delaware State University"
"77","E Washington","Denver !University of Denver"
"78","ECU","DePaul University"
"79","Elon","Detroit Mercy !University of Detroit Mercy"
"80","ETSU","Drake University"
"81","Evansville","Drexel University"
"82","Fair Dickinson","Duke University"
"83","Fairfield","Duquesne University"
"84","FAU","East Carolina University"
"85","FGCU","East Tennessee State University"
"86","FIU","Eastern Illinois University"
"87","Florida","Eastern Kentucky University"
"88","Florida A&M","Eastern Michigan University"
"89","Fordham","Eastern Washington University"
"90","Fresno State","Elon University"
"91","FSU","Evansville !University of Evansville"
"92","Furman","Fairfield University"
"93","G Washington","Fairleigh Dickinson University"
"94","Ga Southern","Florida !University of Florida"
"95","Gardner-Webb","Florida A&M University"
"96","George Mason","Florida Atlantic University"
"97","Georgetown","Florida Gulf Coast University"
"98","Georgia","Florida International University"
"99","Georgia State","Florida State University"
"100","Georgia Tech","Fordham University"
"101","Gonzaga","Furman University"
"102","Grambling St","Gardner–Webb University"
"103","Grand Canyon","George Mason University"
"104","Green Bay","George Washington University"
"105","Hampton","Georgetown University"
"106","Hartford","Georgia !University of Georgia"
"107","Harvard","Georgia Institute of Technology"
"108","Hawaii","Georgia Southern University"
"109","High Point","Georgia State University"
"110","Hofstra","Gonzaga University"
"111","Holy Cross","Grambling State University"
"112","Houston","Grand Canyon University"
"113","Houston Baptist","Hampton University"
"114","Howard","Hartford !University of Hartford"
"115","Idaho","Harvard University"
"116","Idaho State","Hawaii Manoa !University of Hawaii at Manoa"
"117","Illinois","High Point University"
"118","Illinois State","Hofstra University"
"119","Incarnate Word","Holy Cross !College of the Holy Cross"
"120","Indiana","Houston !University of Houston"
"121","Indiana State","Houston Baptist University"
"122","Iona","Howard University"
"123","Iowa","Idaho !University of Idaho"
"124","Iowa State","Idaho State University"
"125","IPFW","Illinois Chicago !University of Illinois at Chicago"
"126","IUPUI","Illinois State University"
"127","Jackson State","Illinois Urbana Champaign !University of Illinois at Urbana–Champaign"
"128","Jacksonville","Incarnate Word !University of the Incarnate Word"
"129","Jacksonville St","Indiana State University"
"130","JMU","Indiana University Bloomington !Indiana University"
"131","Kansas","Indiana University Purdue University Fort Wayne !Indiana University – Purdue University Fort Wayne"
"132","Kansas State","Indiana University Purdue University Indianapolis !Indiana University – Purdue University Indianapolis"
"133","Kennesaw St","Iona College"
"134","Kent State","Iowa !University of Iowa"
"135","Kentucky","Iowa State University"
"136","LA-Lafayette","Jackson State University"
"137","La Salle","Jacksonville !Jacksonville University"
"138","LA Tech","Jacksonville State University"
"139","Lafayette","James Madison University"
"140","Lamar","Kansas !University of Kansas"
"141","LBSU","Kansas State University"
"142","Lehigh","Kennesaw State University"
"143","Liberty","Kent State University"
"144","Lipscomb","Kentucky !University of Kentucky"
"145","LIU Brooklyn","La Salle University"
"146","Longwood","Lafayette College"
"147","Louisville","Lamar University"
"148","Loyola (CHI)","Lehigh University"
"149","Loyola (MD)","Liberty University"
"150","Loyola Mary","Lipscomb University"
"151","LSU","Long Island University–Brooklyn"
"152","Maine","Longwood University"
"153","Manhattan","Louisiana Lafayette !University of Louisiana at Lafayette"
"154","Marist","Louisiana Monroe !University of Louisiana at Monroe"
"155","Marquette","Louisiana State University"
"156","Marshall","Louisiana Tech University"
"157","Maryland","Louisville !University of Louisville"
"158","McNeese State","Loyola Marymount University"
"159","MD-E Shore","Loyola University Chicago"
"160","Memphis","Loyola University Maryland"
"161","Mercer","Maine !University of Maine"
"162","Miami","Manhattan College"
"163","Miami (OH)","Marist College"
"164","Michigan","Marquette University"
"165","Michigan State","Marshall University"
"166","Mid Tennessee","Maryland Baltimore County !University of Maryland, Baltimore County"
"167","Milwaukee","Maryland College Park !University of Maryland, College Park"
"168","Minnesota","Maryland Eastern Shore !University of Maryland Eastern Shore"
"169","Miss St","Massachusetts Amherst !University of Massachusetts Amherst"
"170","Miss Valley St","Massachusetts Lowell !University of Massachusetts Lowell"
"171","Missouri","McNeese State University"
"172","Missouri State","Memphis !University of Memphis"
"173","Monmouth","Mercer University"
"174","Montana","Miami !University of Miami"
"175","Montana State","Miami University"
"176","Morehead State","Michigan !University of Michigan"
"177","Morgan State","Michigan State University"
"178","Mt St Mary's","Middle Tennessee State University"
"179","Murray State","Minnesota !University of Minnesota"
"180","N Arizona","Mississippi !University of Mississippi"
"181","N Colorado","Mississippi State University"
"182","N Illinois","Mississippi Valley State University"
"183","N Kentucky","Missouri !University of Missouri"
"184","Navy","Missouri Kansas City !University of Missouri–Kansas City"
"185","NC A&T","Missouri State University"
"186","NC Central","Monmouth University"
"187","NC State","Montana !University of Montana"
"188","Nebraska","Montana State University"
"189","Nevada","Morehead State University"
"190","New Mexico","Morgan State University"
"191","New Mexico St","Mount St. Mary's University"
"192","New Orleans","Murray State University"
"193","Niagara","Navy !United States Naval Academy (Navy)"
"194","Nicholls State","Nebraska Lincoln !University of Nebraska–Lincoln"
"195","NJIT","Nebraska Omaha !University of Nebraska Omaha"
"196","Norfolk State","Nevada Las Vegas !University of Nevada, Las Vegas"
"197","North Dakota","Nevada Reno !University of Nevada, Reno"
"198","North Dakota St","New Hampshire !University of New Hampshire"
"199","North Florida","New Jersey Institute of Technology"
"200","North Texas","New Mexico !University of New Mexico"
"201","Northeastern","New Mexico State University"
"202","Northern Iowa","New Orleans !University of New Orleans"
"203","Northwestern","Niagara University"
"204","Northwestern St","Nicholls State University"
"205","Notre Dame","Norfolk State University"
"206","Oakland","North Carolina Agricultural and Technical State University"
"207","Ohio","North Carolina Asheville !University of North Carolina at Asheville"
"208","Oklahoma","North Carolina Central University"
"209","Oklahoma State","North Carolina Chapel Hill !University of North Carolina at Chapel Hill"
"210","Old Dominion","North Carolina Charlotte !University of North Carolina at Charlotte"
"211","Ole Miss","North Carolina Greensboro !University of North Carolina at Greensboro"
"212","Omaha","North Carolina State University"
"213","Oral Roberts","North Carolina Wilmington !University of North Carolina at Wilmington"
"214","Oregon","North Dakota !University of North Dakota"
"215","Oregon State","North Dakota State University"
"216","OSU","North Florida !University of North Florida"
"217","Pacific","North Texas !University of North Texas"
"218","Penn","Northeastern University"
"219","Penn State","Northern Arizona University"
"220","Pepperdine","Northern Colorado !University of Northern Colorado"
"221","Pitt","Northern Illinois University"
"222","Portland","Northern Iowa !University of Northern Iowa"
"223","Portland State","Northern Kentucky University !Northern Kentucky University"
"224","Presbyterian","Northwestern State University"
"225","Princeton","Northwestern University"
"226","Providence","Notre Dame !University of Notre Dame"
"227","Purdue","Oakland University"
"228","PV A&M","Ohio !Ohio University"
"229","Quinnipiac","Ohio State University !The Ohio State University"
"230","Radford","Oklahoma !University of Oklahoma"
"231","Rice","Oklahoma State University–Stillwater"
"232","Richmond","Old Dominion University"
"233","Rider","Oral Roberts University"
"234","Robert Morris","Oregon !University of Oregon"
"235","Rutgers","Oregon State University"
"236","S Carolina St","Pacific !University of the Pacific"
"237","S Illinois","Pennsylvania !University of Pennsylvania"
"238","Sacramento St","Pennsylvania State University"
"239","Sacred Heart","Pepperdine University"
"240","Saint Joe's","Pittsburgh !University of Pittsburgh"
"241","Saint Louis","Portland !University of Portland"
"242","Saint Mary's","Portland State University"
"243","Sam Houston","Prairie View A&M University"
"244","Samford","Presbyterian College"
"245","San Diego","Princeton University"
"246","San Diego State","Providence College"
"247","San Francisco","Purdue University"
"248","San Jose State","Quinnipiac University"
"249","Santa Clara","Radford University"
"250","Savannah State","Rhode Island !University of Rhode Island"
"251","SE Louisiana","Rice University"
"252","SE Missouri St","Richmond !University of Richmond"
"253","Seattle","Rider University"
"254","Seton Hall","Robert Morris University"
"255","SF Austin","Rutgers University"
"256","Siena","Sacred Heart University"
"257","SIU ED","Saint Bonaventure !St. Bonaventure University"
"258","SMU","Saint Francis College !St. Francis College"
"259","South Alabama","Saint Francis University"
"260","South Carolina","Saint John's !St. John's University"
"261","South Dakota","Saint Joseph's University"
"262","South Dakota St","Saint Louis University"
"263","Southern","Saint Mary's College of California"
"264","Southern Miss","Saint Peter's University"
"265","Southern Utah","Sam Houston State University"
"266","St Bonaventure","Samford University"
"267","St Francis (BKN)","San Diego !University of San Diego"
"268","St Francis (PA)","San Diego State University"
"269","St John's","San Francisco !University of San Francisco"
"270","St Peter's","San Jose State University"
"271","Stanford","Santa Clara University"
"272","Stetson","Savannah State University"
"273","Stony Brook","Seattle University"
"274","Syracuse","Seton Hall University"
"275","TCU","Siena College"
"276","Temple","South Alabama !University of South Alabama"
"277","Tenn Tech","South Carolina !University of South Carolina"
"278","Tennessee","South Carolina State University"
"279","Tennessee St","South Carolina Upstate !University of South Carolina Upstate"
"280","Texas","South Dakota !University of South Dakota"
"281","Texas A&M","South Dakota State University"
"282","Texas A&M-CC","South Florida !University of South Florida"
"283","Texas Southern","Southeast Missouri State University"
"284","Texas State","Southeastern Louisiana University"
"285","Texas Tech","Southern California !University of Southern California"
"286","The Citadel","Southern Illinois University Carbondale"
"287","Toledo","Southern Illinois University Edwardsville"
"288","Towson","Southern Methodist University"
"289","Troy","Southern Mississippi !University of Southern Mississippi"
"290","Tulane","Southern University"
"291","Tulsa","Southern Utah University"
"292","UAB","Stanford University"
"293","UC Davis","Stephen F. Austin State University"
"294","UC Irvine","Stetson University"
"295","UC Riverside","Stony Brook University"
"296","UCF","Syracuse University"
"297","UCLA","Temple University"
"298","UConn","Tennessee !University of Tennessee"
"299","UCSB","Tennessee Chattanooga !University of Tennessee at Chattanooga"
"300","UIC","Tennessee Martin !University of Tennessee at Martin"
"301","UL Monroe","Tennessee State University"
"302","UMass","Tennessee Technological University"
"303","UMass Lowell","Texas A&M University"
"304","UMBC","Texas A&M University–Corpus Christi"
"305","UMKC","Texas Arlington !University of Texas at Arlington"
"306","UNC","Texas Austin !University of Texas at Austin"
"307","UNC Asheville","Texas Christian University"
"308","UNC Wilmington","Texas El Paso !University of Texas at El Paso"
"309","UNCG","Texas Rio Grande Valley !University of Texas Rio Grande Valley[A 34]"
"310","UNH","Texas San Antonio !University of Texas at San Antonio"
"311","UNLV","Texas Southern University"
"312","URI","Texas State University"
"313","USC","Texas Tech University"
"314","USC Upstate","Toledo !University of Toledo"
"315","USF","Towson University"
"316","UT-Arlington","Troy University"
"317","UT Martin","Tulane University"
"318","UT Rio Grande","Tulsa !University of Tulsa"
"319","Utah","Utah !University of Utah"
"320","Utah State","Utah State University"
"321","Utah Valley","Utah Valley University"
"322","UTEP","Valparaiso University"
"323","UTSA","Vanderbilt University"
"324","UVA","Vermont !University of Vermont"
"325","Valparaiso","Villanova University"
"326","Vanderbilt","Virginia !University of Virginia"
"327","VCU","Virginia Commonwealth University"
"328","Vermont","Virginia Military Institute"
"329","Villanova","Virginia Tech[A 38]"
"330","Virginia Tech","Wagner College"
"331","VMI","Wake Forest University"
"332","W Carolina","Washington !University of Washington"
"333","W Illinois","Washington State University"
"334","W Kentucky","Weber State University"
"335","W Michigan","West Virginia University"
"336","Wagner","Western Carolina University"
"337","Wake Forest","Western Illinois University"
"338","Washington","Western Kentucky University"
"339","Washington St","Western Michigan University"
"340","Weber State","Wichita State University"
"341","West Virginia","William and Mary !College of William & Mary"
"342","Wichita State","Winthrop University"
"343","William & Mary","Wisconsin Green Bay !University of Wisconsin–Green Bay"
"344","Winthrop","Wisconsin Madison !University of Wisconsin–Madison"
"345","Wisconsin","Wisconsin Milwaukee !University of Wisconsin–Milwaukee"
"346","Wofford","Wofford College"
"347","Wright State","Wright State University"
"348","Wyoming","Wyoming !University of Wyoming"
"349","Xavier","Xavier University"
"350","Yale","Yale University"
"351","Youngstown St","Youngstown State University"
